prob_dimer,prob_dimer_std,prob_trimer,prob_trimer_std,prob_tetramer,prob_tetramer_std,y_pred
0.6079065380955477,0.19657314103944115,0.3920934619044522,0.1965731410394412,1.6681066310038415e-82,3.3334173985859586e-82,0
