,prob_dimer,prob_dimer_std,prob_trimer,prob_trimer_std,prob_tetramer,prob_tetramer_std,y_pred
0,0.00022385600277391806,0.0,0.00022385600277391806,0.0,0.004717856789645857,0.0,0
1,0.00016739645208811805,0.0,0.00016739645208811805,0.0,0.007616066681052906,0.0,0
2,2.1524226330725354e-06,0.0,2.1524226330725354e-06,0.0,0.00515665291005486,0.0,0
3,1.584620723654779e-06,0.0,1.584620723654779e-06,0.0,0.00593720504678673,0.0,0
4,0.0005658513717149324,0.0,0.0005658513717149324,0.0,0.00630906581507294,0.0,0
