,prob_dimer,prob_dimer_std,prob_trimer,prob_trimer_std,prob_tetramer,prob_tetramer_std,y_pred
0,0.6999998425005243,0.24494910287626998,0.6999998425005243,0.24494910287626998,1.0640870085915066e-42,2.1281740171830132e-42,1
